{
  "formatVersion": 1,
  "database": {
    "version": 1,
    "identityHash": "4bdfd2fbb7a2af353505a5e4a1f28396",
    "entities": [
      {
        "tableName": "Jugadores",
        "createSql": "CREATE TABLE IF NOT EXISTS `${TABLE_NAME}` (`id` INTEGER PRIMARY KEY AUTOINCREMENT NOT NULL, `name` TEXT NOT NULL, `jugadas` INTEGER NOT NULL, `rondasGanadas` INTEGER NOT NULL, `ganadas` INTEGER NOT NULL)",
        "fields": [
          {
            "fieldPath": "id",
            "columnName": "id",
            "affinity": "INTEGER",
            "notNull": true
          },
          {
            "fieldPath": "name",
            "columnName": "name",
            "affinity": "TEXT",
            "notNull": true
          },
          {
            "fieldPath": "jugadas",
            "columnName": "jugadas",
            "affinity": "INTEGER",
            "notNull": true
          },
          {
            "fieldPath": "rondasGanadas",
            "columnName": "rondasGanadas",
            "affinity": "INTEGER",
            "notNull": true
          },
          {
            "fieldPath": "ganadas",
            "columnName": "ganadas",
            "affinity": "INTEGER",
            "notNull": true
          }
        ],
        "primaryKey": {
          "autoGenerate": true,
          "columnNames": [
            "id"
          ]
        },
        "indices": [],
        "foreignKeys": []
      }
    ],
    "views": [],
    "setupQueries": [
      "CREATE TABLE IF NOT EXISTS room_master_table (id INTEGER PRIMARY KEY,identity_hash TEXT)",
      "INSERT OR REPLACE INTO room_master_table (id,identity_hash) VALUES(42, '4bdfd2fbb7a2af353505a5e4a1f28396')"
    ]
  }
}